"予約日時","予約内容","利用数(人数など)","名前","メールアドレス","電話番号","受付日時","ステータス","管理メモ","所属部署を選択してください。","メール制限",
"2025-10-13 06：00
~10：00","和泉581は5240 (積算部管理)",,"高橋健太","takahashi@bikentec.co.jp","080-9168-9119","2025-10-11 19：32","確定",,"積算部",,
"2025-10-13 10：00
~15：00","和泉581み9657 (積算部管理)",,"西口映美","nishiguchi@bikentec.co.jp","080-4430-1320","2025-10-09 18：26","確定",,"積算部",,
"2025-10-14 06：00
~18：00","和泉400つ7902 (リニューアル工事部管理)",,"日吉田 拓哉","hiyoshida@bikentec.co.jp","080-7624-4446","2025-10-11 12：44","確定",,"リニューアル工事部 第1グループ",,
"2025-10-14 18：00
~21：00","和泉581は5240 (積算部管理)",,"高橋健太","takahashi@bikentec.co.jp","080-9168-9119","2025-10-11 19：31","確定",,"積算部",,
"2025-10-15 06：00
~21：00","和泉581は5240 (積算部管理)",,"高橋健太","takahashi@bikentec.co.jp","080-9168-9119","2025-10-11 19：31","確定",,"積算部",,
"2025-10-18 13：00
~21：00","和泉581は5240 (積算部管理)",,"高橋健太","takahashi@bikentec.co.jp","080-9168-9119","2025-10-11 19：35","確定",,"積算部",,
"2025-10-12 06：00
~21：00","和泉581む1869 (積算部管理)",,"古市篤史","furuichi@bikentec.co.jp","080-3863-8917","2025-10-08 06：36","確定",,"リニューアル工事部 第2グループ",,
"2025-10-12 06：00
~21：00","和泉581は5240 (積算部管理)",,"高橋健太","takahashi@bikentec.co.jp","080-9168-9119","2025-10-06 19：54","確定",,"積算部",,
"2025-10-11 11：00
~15：00","和泉581み9657 (積算部管理)",,"西口映美","nishiguchi@bikentec.co.jp","080-4430-1320","2025-10-09 18：25","確定",,"積算部",,
"2025-10-11 06：00
~21：00","和泉581は5240 (積算部管理)",,"高橋健太","takahashi@bikentec.co.jp","080-9168-9119","2025-10-04 18：21","確定",,"積算部",,
"2025-10-10 18：00
~21：00","和泉581は5240 (積算部管理)",,"高橋健太","takahashi@bikentec.co.jp","080-9168-9119","2025-10-04 18：22","確定",,"積算部",,
"2025-10-10 11：00
~16：00","和泉581は5240 (積算部管理)",,"天野誠","amano@bikentec.co.jp","070-3188-2095","2025-10-06 15：27","確定",,"積算部",,
"2025-10-10 06：00
~19：00","和泉400つ7902 (リニューアル工事部管理)",,"日吉田 拓哉","hiyoshida@bikentec.co.jp","080-7624-4446","2025-10-06 07：50","確定",,"リニューアル工事部 第1グループ",,
"2025-10-09 06：00
~10：00","和泉581む1869 (積算部管理)",,"高橋健太","takahashi@bikentec.co.jp","080-9168-9119","2025-10-08 18：06","確定",,"積算部",,
"2025-10-09 06：00
~17：00","和泉581は5240 (積算部管理)",,"天野誠","amano@bikentec.co.jp","070-3188-2095","2025-10-06 15：26","確定",,"積算部",,
"2025-10-09 06：00
~14：00","和泉581み9657 (積算部管理)",,"西口映美","nishiguchi@bikentec.co.jp","080-4430-1320","2025-10-03 09：17","確定",,"積算部",,
"2025-10-08 06：00
~19：00","和泉581む1869 (積算部管理)",,"日吉田 拓哉","hiyoshida@bikentec.co.jp","080-7624-4446","2025-10-07 08：37","確定",,"リニューアル工事部 第1グループ",,
"2025-10-08 06：00
~17：00","和泉581は5240 (積算部管理)",,"天野誠","amano@bikentec.co.jp","070-3188-2095","2025-10-06 15：26","確定",,"積算部",,
"2025-10-08 06：00
~21：00","和泉581み9657 (積算部管理)",,"西口映美","nishiguchi@bikentec.co.jp","080-4430-1320","2025-10-03 09：16","確定",,"積算部",,
"2025-10-07 06：00
~21：00","和泉581み9657 (積算部管理)",,"西口映美","nishiguchi@bikentec.co.jp","080-4430-1320","2025-10-01 10：03","確定",,"積算部",,
"2025-10-07 06：00
~14：00","和泉581は5240 (積算部管理)",,"高橋健太","takahashi@bikentec.co.jp","080-9168-9119","2025-09-30 18：16","確定",,"積算部",,
"2025-10-07 06：00
~18：00","和泉581む1869 (積算部管理)",,"日吉田 拓哉","hiyoshida@bikentec.co.jp","080-7624-4446","2025-09-30 14：21","確定",,"リニューアル工事部 第1グループ",,
"2025-10-06 18：00
~21：00","和泉581み9657 (積算部管理)",,"西口映美","nishiguchi@bikentec.co.jp","080-4430-1320","2025-10-01 10：02","確定",,"積算部",,
"2025-10-06 18：00
~21：00","和泉581は5240 (積算部管理)",,"高橋健太","takahashi@bikentec.co.jp","080-9168-9119","2025-09-30 18：16","確定",,"積算部",,
"2025-10-06 06：00
~09：00","和泉581み9657 (積算部管理)",,"西口映美","nishiguchi@bikentec.co.jp","080-4430-1320","2025-10-03 09：23","確定",,"積算部",,
"2025-10-06 06：00
~18：00","和泉400つ7902 (リニューアル工事部管理)",,"日吉田 拓哉","hiyoshida@bikentec.co.jp","080-7624-4446","2025-09-29 10：59","確定",,"リニューアル工事部 第1グループ",,
"2025-10-05 13：00
~21：00","和泉581み9657 (積算部管理)",,"西口映美","nishiguchi@bikentec.co.jp","080-4430-1320","2025-10-03 09：22","確定",,"積算部",,
"2025-10-04 06：00
~10：00","和泉581は5240 (積算部管理)",,"高橋健太","takahashi@bikentec.co.jp","080-9168-9119","2025-10-03 17：49","確定",,"積算部",,
"2025-10-03 19：00
~21：00","和泉581は5240 (積算部管理)",,"高橋健太","takahashi@bikentec.co.jp","080-9168-9119","2025-10-03 17：49","確定",,"積算部",,
"2025-10-03 06：00
~21：00","和泉581む1869 (積算部管理)",,"神谷　信文","kamiya@bikentec.co.jp","080-4238-7081","2025-10-02 14：33","確定",,"リニューアル工事部 第3グループ",,
"2025-10-03 06：00
~13：00","和泉581み9657 (積算部管理)",,"天野誠","amano@bikentec.co.jp","070-3188-2095","2025-10-01 18：07","確定",,"積算部",,
"2025-10-03 06：00
~13：00","和泉581は5240 (積算部管理)",,"高橋健太","takahashi@bikentec.co.jp","080-9168-9119","2025-09-27 22：33","確定",,"積算部",,
"2025-10-02 18：00
~21：00","和泉581は5240 (積算部管理)",,"高橋健太","takahashi@bikentec.co.jp","080-9168-9119","2025-09-27 22：33","確定",,"積算部",,
"2025-10-02 17：00
~21：00","和泉581む1869 (積算部管理)",,"神谷　信文","kamiya@bikentec.co.jp","080-4238-7081","2025-10-02 14：32","確定",,"リニューアル工事部 第3グループ",,
"2025-10-02 09：00
~13：00","和泉581み9657 (積算部管理)",,"天野誠","amano@bikentec.co.jp","070-3188-2095","2025-10-01 09：23","確定",,"積算部",,
"2025-10-02 06：00
~17：00","和泉581む1869 (積算部管理)",,"神谷　信文","kamiya@bikentec.co.jp","080-4238-7081","2025-09-29 07：53","確定",,"リニューアル工事部 第3グループ",,
"2025-10-01 11：00
~17：00","和泉581み9657 (積算部管理)",,"西口映美","nishiguchi@bikentec.co.jp","080-4430-1320","2025-09-25 13：33","確定",,"積算部",,
"2025-10-01 06：00
~21：00","和泉581む1869 (積算部管理)",,"神谷　信文","kamiya@bikentec.co.jp","080-4238-7081","2025-09-25 17：06","確定",,"リニューアル工事部 第3グループ",,
"2025-09-30 17：00
~21：00","和泉581む1869 (積算部管理)",,"神谷　信文","kamiya@bikentec.co.jp","080-4238-7081","2025-09-25 17：06","確定",,"リニューアル工事部 第3グループ",,
"2025-09-30 13：00
~16：30","和泉581む1869 (積算部管理)",,"古川　点検のため",,,"2025-09-24 12：04","確定",,,,
"2025-09-30 10：00
~17：00","和泉581み3701 (リニューアル工事部管理)",,"天野誠","amano@bikentec.co.jp","070-3188-2095","2025-09-30 08：26","確定",,"積算部",,
"2025-09-30 09：00
~13：00","和泉581み9657 (積算部管理)",,"西口映美","nishiguchi@bikentec.co.jp","080-4430-1320","2025-09-25 13：32","確定",,"積算部",,
"2025-09-30 06：00
~18：00","和泉581は5240 (積算部管理)",,"高橋健太","takahashi@bikentec.co.jp","080-9168-9119","2025-09-24 19：40","確定",,"積算部",,
"2025-09-29 18：00
~21：00","和泉581む1869 (積算部管理)",,"天野誠","amano@bikentec.co.jp","070-3188-2095","2025-09-29 15：18","確定",,"積算部",,
"2025-09-29 18：00
~21：00","和泉581は5240 (積算部管理)",,"高橋健太","takahashi@bikentec.co.jp","080-9168-9119","2025-09-24 19：40","確定",,"積算部",,
"2025-09-29 13：00
~18：00","和泉581む1869 (積算部管理)",,"日吉田 拓哉","hiyoshida@bikentec.co.jp","080-7624-4446","2025-09-29 11：01","確定",,"リニューアル工事部 第1グループ",,
"2025-09-29 12：00
~21：00","和泉581み9657 (積算部管理)",,"西口映美","nishiguchi@bikentec.co.jp","080-4430-1320","2025-09-25 13：31","確定",,"積算部",,
"2025-09-29 10：00
~14：00","和泉581は5240 (積算部管理)",,"高橋健太","takahashi@bikentec.co.jp","080-9168-9119","2025-09-27 22：32","確定",,"積算部",,
"2025-09-29 06：00
~10：00","和泉581は5240 (積算部管理)",,"高橋健太","takahashi@bikentec.co.jp","080-9168-9119","2025-09-24 19：39","確定",,"積算部",,
"2025-09-29 00：00
~23：45","和泉581み3701 (リニューアル工事部管理)",,"古川　修理の為",,,"2025-09-22 17：29","確定",,,,
"2025-09-28 06：00
~21：00","和泉581は5240 (積算部管理)",,"高橋健太","takahashi@bikentec.co.jp","080-9168-9119","2025-09-24 19：39","確定",,"積算部",,
"2025-09-28 06：00
~21：00","和泉581む1869 (積算部管理)",,"古市篤史","furuichi@bikentec.co.jp","080-3863-8917","2025-09-22 17：31","確定",,"リニューアル工事部 第2グループ",,
"2025-09-28 00：00
~23：45","和泉581み3701 (リニューアル工事部管理)",,"古川　修理の為",,,"2025-09-22 17：28","確定",,,,
"2025-09-27 12：00
~18：00","和泉581む1869 (積算部管理)",,"大川内　幸助",,,"2025-09-26 17：05","確定",,,,
"2025-09-27 06：00
~21：00","和泉581は5240 (積算部管理)",,"高橋健太","takahashi@bikentec.co.jp","080-9168-9119","2025-09-24 19：38","確定",,"積算部",,
"2025-09-27 06：00
~17：00","和泉581み9657 (積算部管理)",,"天野誠","amano@bikentec.co.jp","070-3188-2095","2025-09-24 14：47","確定",,"amano@bikentec.co.jp",,
"2025-09-27 00：00
~23：45","和泉581み3701 (リニューアル工事部管理)",,"古川　修理の為",,,"2025-09-22 17：28","確定",,,,
"2025-09-26 14：00
~16：00","和泉581む1869 (積算部管理)",,"西口",,,"2025-09-26 12：53","確定",,,,
"2025-09-26 06：00
~14：00","和泉581む1869 (積算部管理)",,"西口映美","nishiguchi@bikentec.co.jp","080-4430-1320","2025-09-25 13：21","確定",,"積算部",,
"2025-09-26 06：00
~21：00","和泉581は5240 (積算部管理)",,"高橋健太","takahashi@bikentec.co.jp","080-9168-9119","2025-09-24 19：38","確定",,"積算部",,
"2025-09-26 06：00
~17：00","和泉581み9657 (積算部管理)",,"天野誠","amano@bikentec.co.jp","070-3188-2095","2025-09-24 14：49","確定",,"積算部",,
"2025-09-26 06：00
~19：00","和泉400つ7902 (リニューアル工事部管理)",,"日吉田 拓哉","hiyoshida@bikentec.co.jp","080-7624-4446","2025-09-24 14：20","確定",,"リニューアル工事部 第1グループ",,
"2025-09-26 06：00
~16：00","和泉581の6302 (安品ア室管理)",,"神谷　信文","kamiya@bikentec.co.jp","080-4238-7081","2025-09-20 15：47","確定",,"リニューアル工事部 第3グループ",,
"2025-09-26 00：00
~23：45","和泉581み3701 (リニューアル工事部管理)",,"古川　修理の為",,,"2025-09-22 17：27","確定",,,,
"2025-09-25 17：00
~21：00","和泉581は5240 (積算部管理)",,"高橋健太","takahashi@bikentec.co.jp","080-9168-9119","2025-09-18 20：04","確定",,"積算部",,
"2025-09-25 15：00
~21：00","和泉581む1869 (積算部管理)",,"西口映美","nishiguchi@bikentec.co.jp","080-4430-1320","2025-09-25 13：20","確定",,"積算部",,
"2025-09-25 06：15
~20：00","和泉581の6302 (安品ア室管理)",,"西村",,,"2025-09-24 17：31","確定",,,,
"2025-09-25 06：00
~10：00","和泉581み9657 (積算部管理)",,"高橋健太","takahashi@bikentec.co.jp","080-9168-9119","2025-09-24 19：41","確定",,"積算部",,
"2025-09-25 06：00
~15：00","和泉581は5240 (積算部管理)",,"日吉田 拓哉","hiyoshida@bikentec.co.jp","080-7624-4446","2025-09-24 14：03","確定",,"リニューアル工事部 第1グループ",,
"2025-09-25 00：00
~23：45","和泉581み3701 (リニューアル工事部管理)",,"古川　修理の為",,,"2025-09-22 17：26","確定",,,,
"2025-09-24 17：00
~21：00","和泉581は5240 (積算部管理)",,"日吉田 拓哉","hiyoshida@bikentec.co.jp","080-7624-4446","2025-09-24 14：02","確定",,"リニューアル工事部 第1グループ",,
"2025-09-24 14：00
~21：00","和泉581む1869 (積算部管理)",,"西村勝三","nishimura@bikentec.co.jp","080-9124-6454","2025-09-24 12：11","確定",,"リニューアル工事部 第3グループ",,
"2025-09-24 07：00
~13：00","和泉581の6302 (安品ア室管理)",,"神谷　信文","kamiya@bikentec.co.jp","080-4238-7081","2025-09-22 17：06","確定",,"リニューアル工事部 第3グループ",,
"2025-09-24 06：00
~10：00","和泉581み9657 (積算部管理)",,"高橋健太","takahashi@bikentec.co.jp","080-9168-9119","2025-09-23 21：09","確定",,"takahashi@bikentec.co.jp",,
"2025-09-24 06：00
~12：00","和泉581む1869 (積算部管理)",,"西村勝三","nishimura@bikentec.co.jp","080-9124-6454","2025-09-22 18：51","確定",,"リニューアル工事部 第3グループ",,
"2025-09-24 06：00
~17：00","和泉581は5240 (積算部管理)",,"日吉田 拓哉","hiyoshida@bikentec.co.jp","080-7624-4446","2025-09-22 17：27","確定",,"リニューアル工事部 第1グループ",,
"2025-09-24 06：00
~19：00","和泉400つ7902 (リニューアル工事部管理)",,"柳楽晃一","nagira@bikentec.co.jp","080-3132-2231","2025-09-22 15：09","確定",,"リニューアル工事部",,
"2025-09-24 00：00
~23：45","和泉581み3701 (リニューアル工事部管理)",,"古川　修理の為",,,"2025-09-22 17：30","確定",,,,
"2025-09-23 06：00
~10：00","和泉581は5240 (積算部管理)",,"高橋健太","takahashi@bikentec.co.jp","080-9168-9119","2025-09-22 20：06","確定",,"積算部",,
"2025-09-23 06：00
~21：00","和泉581む1869 (積算部管理)",,"西村勝三","nishimura@bikentec.co.jp","080-9124-6454","2025-09-19 18：59","確定",,"リニューアル工事部 第3グループ",,
"2025-09-23 00：00
~23：45","和泉581み3701 (リニューアル工事部管理)",,"古川　修理の為",,,"2025-09-22 17：32","確定",,,,
"2025-09-22 14：00
~21：00","和泉581は5240 (積算部管理)",,"高橋健太","takahashi@bikentec.co.jp","080-9168-9119","2025-09-18 20：03","確定",,"積算部",,
"2025-09-22 12：00
~14：00","和泉581は5240 (積算部管理)",,"高橋健太","takahashi@bikentec.co.jp","080-9168-9119","2025-09-22 10：12","確定",,"積算部",,
"2025-09-22 09：00
~17：00","和泉581み3701 (リニューアル工事部管理)",,"日吉田",,,"2025-09-22 08：45","確定",,,,
"2025-09-22 06：00
~14：00","和泉581み9657 (積算部管理)",,"神谷　信文","kamiya@bikentec.co.jp","080-4238-7081","2025-09-20 16：41","確定",,"リニューアル工事部 第3グループ",,
"2025-09-22 06：00
~21：00","和泉581む1869 (積算部管理)",,"西村勝三","nishimura@bikentec.co.jp","080-9124-6454","2025-09-19 18：57","確定",,"リニューアル工事部 第3グループ",,
"2025-09-21 06：00
~17：00","和泉581み9657 (積算部管理)",,"天野誠","amano@bikentec.co.jp","070-3188-2095","2025-09-19 14：17","確定",,"積算部",,
"2025-09-21 06：00
~21：00","和泉581む1869 (積算部管理)",,"古市篤史","furuichi@bikentec.co.jp","080-3863-8917","2025-09-19 08：38","確定",,"リニューアル工事部 第2グループ",,
"2025-09-20 06：00
~10：00","和泉581は5240 (積算部管理)",,"高橋健太","takahashi@bikentec.co.jp","080-9168-9119","2025-09-19 21：12","確定",,"積算部",,
"2025-09-20 06：00
~13：00","和泉581み9657 (積算部管理)",,"天野誠","amano@bikentec.co.jp","070-3188-2095","2025-09-19 14：10","確定",,"積算部",,
"2025-09-20 06：00
~14：00","和泉581の6302 (安品ア室管理)",,"神谷　信文","kamiya@bikentec.co.jp","080-4238-7081","2025-09-16 08：12","確定",,"リニューアル工事部 第3グループ",,
"2025-09-20 06：00
~21：00","和泉581む1869 (積算部管理)",,"西村勝三","nishimura@bikentec.co.jp","080-9124-6454","2025-09-16 06：26","確定",,"リニューアル工事部 第3グループ",,
"2025-09-19 17：00
~21：00","和泉581の6302 (安品ア室管理)",,"神谷　信文","kamiya@bikentec.co.jp","080-4238-7081","2025-09-16 08：11","確定",,"リニューアル工事部 第3グループ",,
"2025-09-19 14：00
~17：00","和泉581の6302 (安品ア室管理)",,"神谷　信文","kamiya@bikentec.co.jp","080-4238-7081","2025-09-18 10：01","確定",,"リニューアル工事部 第3グループ",,
"2025-09-19 06：00
~12：00","和泉581は5240 (積算部管理)",,"天野誠","amano@bikentec.co.jp","070-3188-2095","2025-09-18 18：22","確定",,"積算部",,
"2025-09-19 06：00
~15：00","和泉581み9657 (積算部管理)",,"西口映美","nishiguchi@bikentec.co.jp","080-4430-1320","2025-09-17 20：11","確定",,"積算部",,
"2025-09-19 06：00
~21：00","和泉581む1869 (積算部管理)",,"西村勝三","nishimura@bikentec.co.jp","080-9124-6454","2025-09-13 05：30","確定",,"リニューアル工事部 第3グループ",,
